id,name,createdAt
85c01773-7911-4671-83c5-d04609c62fdf,ABC Matriculation School,2026-04-16 18:52:11.088
52c99c87-cd74-4979-aea0-4f553420153a,XYZ Higher Secondary School,2026-04-16 18:52:13.304
0ba72023-b40e-42fe-9aca-1dbc1346aaa8,VBC PONNERI,2026-04-17 04:21:02.946
889ca6ac-586f-4be2-8ddc-20c85fc6dbf5,VBC COIMBATORE,2026-04-17 04:26:04.828
cb13ac87-a2df-43d4-a91d-6d83b8e5fdbc,OLOGY PEELAMEDU,2026-04-17 04:26:41.54
453faa22-2eab-464f-aa12-ce52364be467,VBCE,2026-04-17 04:26:51.868
5b9d3f3e-43e3-4add-bd51-12225a377c23,VBC SALEM,2026-04-17 04:27:29.473
25af592d-49c4-45ce-a0e7-bb524be73913,VELAMMAL BODHI CAMPUS - NAMAKKAL,2026-04-17 04:27:41.79
615047f0-da49-441f-a56e-6d762d0e4549,VBC KALLAKURICHI,2026-04-17 04:28:02.221
37e0d6aa-7a46-4dd1-9d0e-2bf0c2ff64f7,VBC VELLORE,2026-04-17 04:28:11.803
8842d9a0-4224-4874-a92e-556d799b8605,VELAMMAL BODHI CAMPUS KOLAPAKKAM,2026-04-17 04:28:35.874
c4e26fb9-0d9e-4bbf-acfb-83f299f8ad22,OLOGY TECH MUGALIVAKKAM,2026-04-17 04:28:56.654
48bcbbbe-db46-416c-9f4e-a81d37ae14f9,VELAMMAL BODHI CAMPUS PALLIKARANAI,2026-04-17 04:29:15.963
e1128c81-04e5-4358-a2f5-f2fd63826023,VBC TONDIARPET,2026-04-17 04:29:20.069
66f1322d-657c-4645-b78d-d46d8f4df2e1,TVIS,2026-04-17 04:29:29.93
cfabce65-f67d-445e-9846-f9528ffa1201,TVIS VELAMMAL VIDYALAYA-PONNERI,2026-04-17 04:29:36.017
ccbeda19-2e56-4ba5-8bf6-8d9f35aa4b4d,"VELAMMAL VISION CAMPUS, PONNERI",2026-04-17 04:30:12.811
3317f03b-4f08-46bd-a90c-d907892df575,VBC THIRUVALLUR,2026-04-17 04:30:59.688
520daa5e-51f1-4b80-b154-15cee645460c,VBC THENI,2026-04-17 04:31:20.171
b1b05ef4-6f8d-40dd-a56f-35edc1934740,VRS LAADANENDAL,2026-04-17 04:31:32.651
fc415a1d-70a7-4e65-aa7b-e48a365070c7,THIRUPPUVANAM MATRIC,2026-04-17 04:31:44.091
d399daab-5070-46b2-b4bc-6678675d4bab,VELAMMAL BODHI CAMPUS CHIDAMBARAM,2026-04-17 04:32:00.189
ad7a9cbf-f85a-4ad5-8cff-75f09bb9d7fb,VBC TRICHY,2026-04-17 04:32:08.202
cc83790f-42af-4b28-9fa0-c2703dddac62,"VELAMMAL BODHI CAMPUS,DINDIGUL",2026-04-17 04:32:21.277
a2087e88-8a57-40a0-b8a7-dedf207f96a4,VELAMMAL BODHI CAMPUS - THANJAVUR,2026-04-17 04:33:35.554
88d87062-de38-4543-a56a-d284d73897ab,"VELAMMAL BODHI CAMPUS,KUMBAKONAM",2026-04-17 04:33:57.138
397a4f14-49e6-4ca1-b57a-e7a236e4683e,Tarcin,2026-04-17 04:51:26.442
6bddf467-1115-46b5-af75-c190c55b1359,VBC KANCHIPURAM,2026-04-17 05:05:21.79
399ac169-06a1-445d-957e-fec57488960c,VBC ATTUR,2026-04-17 05:53:03.936
c7667d38-8b89-47fe-ba4d-fbf4c224d0c6,Velammal Bodhi campus-Puducherry,2026-04-17 07:21:17.568
8416ae79-b6bc-4353-9f06-defc15a73964,VBC ERODE,2026-04-17 08:37:08.872
